date,time,stock,alert_type,score,alert_price,followed_up
06-01-2026,09:17:37,UNIONBANK,BULLISH,0,165.17,FALSE
06-01-2026,09:17:38,AXISBANK,BULLISH,0,1302.6,FALSE
06-01-2026,09:17:53,UNIONBANK,BULLISH,0,165.5,FALSE
06-01-2026,09:17:53,KOTAKBANK,BULLISH,0,2236,FALSE
06-01-2026,09:17:55,NATIONALUM,BULLISH,0,338.2,FALSE
06-01-2026,09:18:29,YESBANK,BULLISH,0,23.2,FALSE
06-01-2026,09:18:30,LTF,BULLISH,0,329.25,FALSE
06-01-2026,09:18:31,ABCAPITAL,BULLISH,0,370.3,FALSE
06-01-2026,09:18:32,IDFCFIRSTB,BULLISH,0,86.35,FALSE
06-01-2026,09:20:22,YESBANK,BULLISH,0,23.21,FALSE
06-01-2026,09:20:23,LTF,BULLISH,0,328.55,FALSE
06-01-2026,09:20:23,ABCAPITAL,BULLISH,0,369.95,FALSE
06-01-2026,09:20:24,IDFCFIRSTB,BULLISH,0,86.25,FALSE
06-01-2026,09:22:38,HINDZINC,BULLISH,0,642.7,FALSE
06-01-2026,09:22:42,HINDZINC,BULLISH,0,642.6,FALSE
06-01-2026,09:24:44,ICICIBANK,BULLISH,0,1394.2,FALSE
06-01-2026,09:24:52,ICICIBANK,BULLISH,0,1394.9,FALSE
06-01-2026,09:28:44,HINDALCO,BULLISH,0,957,FALSE
06-01-2026,09:28:48,HINDALCO,BULLISH,0,957.05,FALSE
06-01-2026,09:52:56,AXISBANK,BULLISH,0,1303.5,FALSE
06-01-2026,09:58:13,IDEA,BULLISH,0,11.6,FALSE
06-01-2026,10:00:09,RECLTD,BULLISH,0,387.75,FALSE
06-01-2026,10:02:17,RECLTD,BULLISH,0,387.7,FALSE
06-01-2026,10:06:15,IDEA,BULLISH,0,11.64,FALSE
06-01-2026,10:06:15,ONGC,BULLISH,0,241.77,FALSE
06-01-2026,10:06:24,ONGC,BULLISH,0,241.71,FALSE
06-01-2026,10:18:27,UNIONBANK,BULLISH,0,167.2,FALSE
06-01-2026,10:18:43,YESBANK,BULLISH,0,23.28,FALSE
06-01-2026,10:18:44,UNIONBANK,BULLISH,0,167.27,FALSE
06-01-2026,10:21:20,YESBANK,BULLISH,0,23.2,FALSE
06-01-2026,10:22:52,HINDZINC,BULLISH,0,646.6,FALSE
06-01-2026,10:23:05,HINDZINC,BULLISH,0,647.4,FALSE
06-01-2026,10:26:17,ICICIBANK,BULLISH,0,1412.5,FALSE
06-01-2026,10:26:30,ICICIBANK,BULLISH,0,1412.3,FALSE
06-01-2026,10:47:08,HINDALCO,BULLISH,0,972.6,FALSE
06-01-2026,10:48:59,HINDALCO,BULLISH,0,968.3,FALSE
06-01-2026,10:59:53,IDEA,BULLISH,0,11.66,FALSE
06-01-2026,11:06:49,IDEA,BULLISH,0,11.66,FALSE
06-01-2026,11:18:50,UNIONBANK,BULLISH,0,166.99,FALSE
06-01-2026,11:20:42,UNIONBANK,BULLISH,0,166.53,FALSE
06-01-2026,11:24:43,HINDZINC,BULLISH,0,646.1,FALSE
06-01-2026,11:24:48,HINDZINC,BULLISH,0,646.35,FALSE
06-01-2026,11:26:44,ICICIBANK,BULLISH,0,1411.6,FALSE
06-01-2026,11:27:18,ICICIBANK,BULLISH,0,1410.8,FALSE
06-01-2026,11:41:48,ONGC,BULLISH,0,241.27,FALSE
06-01-2026,11:41:55,ONGC,BULLISH,0,241.27,FALSE
06-01-2026,11:48:01,HINDALCO,BULLISH,0,961.5,FALSE
06-01-2026,11:50:02,HINDALCO,BULLISH,0,959.5,FALSE
06-01-2026,11:51:48,SBIN,BULLISH,0,1024.95,FALSE
06-01-2026,11:51:56,SBIN,BULLISH,0,1024.9,FALSE
06-01-2026,12:02:00,IDEA,BULLISH,0,11.64,FALSE
06-01-2026,12:07:16,IDEA,BULLISH,0,11.66,FALSE
06-01-2026,12:19:50,UNIONBANK,BULLISH,0,166.98,FALSE
06-01-2026,12:21:54,UNIONBANK,BULLISH,0,166.9,FALSE
06-01-2026,13:52:52,IDEA,BULLISH,0,11.6,FALSE
06-01-2026,13:52:53,NATIONALUM,BULLISH,0,347.25,FALSE
06-01-2026,13:52:57,HINDALCO,BULLISH,0,949.8,FALSE
06-01-2026,13:52:58,UNIONBANK,BULLISH,0,166.83,FALSE
06-01-2026,13:52:58,SBIN,BULLISH,0,1023.3,FALSE
06-01-2026,13:52:59,ICICIBANK,BULLISH,0,1412.3,FALSE
06-01-2026,13:53:00,ONGC,BULLISH,0,241.71,FALSE
06-01-2026,13:57:30,HINDZINC,BULLISH,0,645.75,FALSE
06-01-2026,14:51:34,IEX,BULLISH,0,136.6,FALSE
06-01-2026,14:53:25,IDEA,BULLISH,0,11.66,FALSE
06-01-2026,14:53:25,NATIONALUM,BULLISH,0,346,FALSE
06-01-2026,14:53:26,HINDALCO,BULLISH,0,945.8,FALSE
06-01-2026,14:53:27,UNIONBANK,BULLISH,0,165.92,FALSE
06-01-2026,14:53:27,ONGC,BULLISH,0,242.45,FALSE
06-01-2026,14:53:32,SBIN,BULLISH,0,1023.8,FALSE
06-01-2026,14:53:33,ICICIBANK,BULLISH,0,1413.3,FALSE
05-01-2026,09:17:13,BANKBARODA,BULLISH,0,310.8,FALSE
05-01-2026,09:17:14,NYKAA,BULLISH,0,270.55,FALSE
05-01-2026,09:17:46,BANKBARODA,BULLISH,0,312.2,FALSE
05-01-2026,09:17:47,COALINDIA,BULLISH,0,436.65,FALSE
05-01-2026,09:17:48,BANDHANBNK,BULLISH,0,148.6,FALSE
05-01-2026,09:17:50,GMRAIRPORT,BULLISH,0,108,FALSE
05-01-2026,09:17:50,CANBK,BULLISH,0,157.84,FALSE
05-01-2026,09:17:51,IOC,BULLISH,0,169.48,FALSE
05-01-2026,09:19:45,ONGC,BULLISH,0,245.82,FALSE
05-01-2026,09:19:46,BANDHANBNK,BULLISH,0,149,FALSE
05-01-2026,09:19:47,GMRAIRPORT,BULLISH,0,108.1,FALSE
05-01-2026,09:19:47,CANBK,BULLISH,0,157.78,FALSE
05-01-2026,09:19:48,PNB,BULLISH,0,128.72,FALSE
05-01-2026,09:19:52,UNIONBANK,BULLISH,0,160.43,FALSE
05-01-2026,09:19:57,ONGC,BULLISH,0,246.4,FALSE
05-01-2026,09:19:57,PNB,BULLISH,0,128.79,FALSE
05-01-2026,09:19:58,UNIONBANK,BULLISH,0,160.47,FALSE
05-01-2026,09:23:56,TATASTEEL,BULLISH,0,186.22,FALSE
05-01-2026,09:23:58,TATASTEEL,BULLISH,0,186.09,FALSE
05-01-2026,09:28:25,BEL,BULLISH,0,411.7,FALSE
05-01-2026,09:28:27,BEL,BULLISH,0,411.55,FALSE
05-01-2026,10:12:21,IDEA,BULLISH,0,12.03,FALSE
05-01-2026,10:12:25,IDEA,BULLISH,0,12.05,FALSE
05-01-2026,10:18:42,ABCAPITAL,BULLISH,0,367.25,FALSE
05-01-2026,10:18:47,BANDHANBNK,BULLISH,0,149.44,FALSE
05-01-2026,10:21:10,ABCAPITAL,BULLISH,0,367.5,FALSE
05-01-2026,10:21:19,BANDHANBNK,BULLISH,0,149.22,FALSE
05-01-2026,10:25:42,TATASTEEL,BULLISH,0,186.63,FALSE
05-01-2026,10:25:51,TATASTEEL,BULLISH,0,186.63,FALSE
05-01-2026,10:29:29,BEL,BULLISH,0,418.75,FALSE
05-01-2026,10:29:35,BEL,BULLISH,0,418.75,FALSE
05-01-2026,10:37:05,YESBANK,BULLISH,0,22.66,FALSE
05-01-2026,10:37:12,YESBANK,BULLISH,0,22.65,FALSE
05-01-2026,11:07:43,BANKBARODA,BULLISH,0,310.2,FALSE
05-01-2026,11:09:52,BANKBARODA,BULLISH,0,310.2,FALSE
05-01-2026,11:19:20,BANDHANBNK,BULLISH,0,148.06,FALSE
05-01-2026,11:22:43,BANDHANBNK,BULLISH,0,147.97,FALSE
05-01-2026,11:26:01,TATASTEEL,BULLISH,0,185.4,FALSE
05-01-2026,11:26:47,TATASTEEL,BULLISH,0,185.4,FALSE
05-01-2026,11:29:30,BEL,BULLISH,0,415.25,FALSE
05-01-2026,11:29:47,BEL,BULLISH,0,415.3,FALSE
05-01-2026,12:16:53,ABCAPITAL,BULLISH,0,367.45,FALSE
05-01-2026,12:16:54,ABCAPITAL,BULLISH,0,367.45,FALSE
05-01-2026,12:21:31,BANDHANBNK,BULLISH,0,148.34,FALSE
05-01-2026,12:23:41,BANDHANBNK,BULLISH,0,148.25,FALSE
05-01-2026,12:26:30,TATASTEEL,BULLISH,0,186.2,FALSE
05-01-2026,12:28:48,TATASTEEL,BULLISH,0,186.2,FALSE
05-01-2026,12:30:52,BEL,BULLISH,0,417.7,FALSE
05-01-2026,12:30:58,BEL,BULLISH,0,417.7,FALSE
05-01-2026,12:44:33,UNIONBANK,BULLISH,0,163.35,FALSE
05-01-2026,12:45:19,UNIONBANK,BULLISH,0,163.33,FALSE
05-01-2026,12:50:19,YESBANK,BULLISH,0,22.68,FALSE
05-01-2026,12:50:20,YESBANK,BULLISH,0,22.69,FALSE
05-01-2026,13:22:31,BANDHANBNK,BULLISH,0,147.97,FALSE
05-01-2026,13:24:23,BANDHANBNK,BULLISH,0,147.96,FALSE
05-01-2026,13:26:51,TATASTEEL,BULLISH,0,186.41,FALSE
05-01-2026,13:29:46,TATASTEEL,BULLISH,0,186.28,FALSE
05-01-2026,13:32:08,BEL,BULLISH,0,416.85,FALSE
05-01-2026,13:32:11,BEL,BULLISH,0,416.85,FALSE
05-01-2026,13:45:19,UNIONBANK,BULLISH,0,161.25,FALSE
05-01-2026,13:45:19,UNIONBANK,BULLISH,0,161.25,FALSE
05-01-2026,13:51:40,YESBANK,BULLISH,0,22.69,FALSE
05-01-2026,13:51:40,YESBANK,BULLISH,0,22.69,FALSE
05-01-2026,13:55:58,BEL,BULLISH,0,415.45,FALSE
05-01-2026,13:55:59,TATASTEEL,BULLISH,0,186.23,FALSE
05-01-2026,13:56:00,BANDHANBNK,BULLISH,0,147.52,FALSE
05-01-2026,14:03:39,YESBANK,BULLISH,0,22.65,FALSE
05-01-2026,14:56:23,BEL,BULLISH,0,416.35,FALSE
05-01-2026,14:56:25,TATASTEEL,BULLISH,0,186.95,FALSE
05-01-2026,14:56:27,BANDHANBNK,BULLISH,0,148.11,FALSE
05-01-2026,15:03:54,YESBANK,BULLISH,0,22.97,FALSE
05-01-2026,15:15:38,UNIONBANK,BULLISH,0,163.23,FALSE
05-01-2026,15:56:27,BEL,BULLISH,0,415.5,FALSE
05-01-2026,15:56:29,TATASTEEL,BULLISH,0,186.72,FALSE
05-01-2026,16:04:07,YESBANK,BULLISH,0,22.93,FALSE
05-01-2026,16:16:16,UNIONBANK,BULLISH,0,163.67,FALSE
05-01-2026,16:57:07,BEL,BULLISH,0,415.5,FALSE
05-01-2026,16:57:07,TATASTEEL,BULLISH,0,186.72,FALSE
02-01-2026,09:17:01,IDEA,BULLISH,0,11.9,FALSE
02-01-2026,09:17:02,RECLTD,BULLISH,0,373.2,FALSE
02-01-2026,09:17:03,TMPV,BULLISH,0,373.15,FALSE
02-01-2026,09:18:58,NATIONALUM,BULLISH,0,320.6,FALSE
02-01-2026,09:19:55,MOTHERSON,BULLISH,0,124.56,FALSE
02-01-2026,09:22:09,PFC,BULLISH,0,368.4,FALSE
02-01-2026,09:29:02,ASHOKLEY,BULLISH,0,183.99,FALSE
02-01-2026,09:50:59,COALINDIA,BULLISH,0,408.2,FALSE
02-01-2026,10:04:24,BEL,BULLISH,0,406,FALSE
02-01-2026,10:11:33,IDFCFIRSTB,BULLISH,0,87.03,FALSE
02-01-2026,10:15:13,BHEL,BULLISH,0,296.8,FALSE
02-01-2026,10:17:53,IDEA,BULLISH,0,11.93,FALSE
02-01-2026,10:17:54,RECLTD,BULLISH,0,380.5,FALSE
02-01-2026,10:19:23,NATIONALUM,BULLISH,0,325.3,FALSE
02-01-2026,10:22:15,PFC,BULLISH,0,379.1,FALSE
02-01-2026,10:26:02,YESBANK,BULLISH,0,21.85,FALSE
02-01-2026,10:26:43,IREDA,BULLISH,0,143.89,FALSE
02-01-2026,10:29:32,ASHOKLEY,BULLISH,0,184.5,FALSE
02-01-2026,10:51:36,COALINDIA,BULLISH,0,415.45,FALSE
02-01-2026,10:58:13,SUZLON,BULLISH,0,53.74,FALSE
02-01-2026,11:16:01,BHEL,BULLISH,0,297.05,FALSE
02-01-2026,11:18:38,RECLTD,BULLISH,0,383.2,FALSE
02-01-2026,11:19:36,NATIONALUM,BULLISH,0,326.25,FALSE
02-01-2026,11:22:33,PFC,BULLISH,0,379.3,FALSE
02-01-2026,11:26:02,YESBANK,BULLISH,0,22.23,FALSE
02-01-2026,11:29:37,ASHOKLEY,BULLISH,0,184.2,FALSE
02-01-2026,11:31:06,IDEA,BULLISH,0,11.83,FALSE
02-01-2026,11:31:07,IREDA,BULLISH,0,146.05,FALSE
02-01-2026,11:51:55,COALINDIA,BULLISH,0,416.85,FALSE
02-01-2026,11:58:33,SUZLON,BULLISH,0,54.13,FALSE
02-01-2026,11:59:16,IRFC,BULLISH,0,129.11,FALSE
02-01-2026,12:16:18,BHEL,BULLISH,0,296.4,FALSE
02-01-2026,12:19:17,RECLTD,BULLISH,0,384.2,FALSE
02-01-2026,12:22:39,PFC,BULLISH,0,378.9,FALSE
02-01-2026,12:26:18,YESBANK,BULLISH,0,22.23,FALSE
02-01-2026,12:28:46,IDEA,BULLISH,0,11.87,FALSE
02-01-2026,12:28:46,YESBANK,BULLISH,0,22.26,FALSE
02-01-2026,12:28:47,RECLTD,BULLISH,0,384.25,FALSE
02-01-2026,12:28:48,COALINDIA,BULLISH,0,422,FALSE
02-01-2026,12:28:49,ASHOKLEY,BULLISH,0,186.4,FALSE
02-01-2026,12:28:50,SUZLON,BULLISH,0,54.43,FALSE
02-01-2026,12:28:51,PFC,BULLISH,0,379.05,FALSE
02-01-2026,12:28:51,IREDA,BULLISH,0,147.07,FALSE
02-01-2026,12:28:52,BHEL,BULLISH,0,297.45,FALSE
02-01-2026,12:28:57,IRFC,BULLISH,0,129.33,FALSE
02-01-2026,13:29:02,IDEA,BULLISH,0,11.87,FALSE
02-01-2026,13:29:03,YESBANK,BULLISH,0,22.3,FALSE
02-01-2026,13:29:04,COALINDIA,BULLISH,0,427.55,FALSE
02-01-2026,13:29:05,RECLTD,BULLISH,0,382.85,FALSE
02-01-2026,13:29:07,ASHOKLEY,BULLISH,0,186.66,FALSE
02-01-2026,13:29:09,SUZLON,BULLISH,0,54.38,FALSE
02-01-2026,13:29:09,PFC,BULLISH,0,377.05,FALSE
02-01-2026,13:29:10,BHEL,BULLISH,0,298.1,FALSE
02-01-2026,13:29:12,IREDA,BULLISH,0,146.4,FALSE
02-01-2026,13:29:14,IRFC,BULLISH,0,128.92,FALSE
02-01-2026,13:46:23,IDEA,BULLISH,0,11.88,FALSE
02-01-2026,13:46:24,YESBANK,BULLISH,0,22.28,FALSE
02-01-2026,13:46:25,COALINDIA,BULLISH,0,427.5,FALSE
02-01-2026,13:46:26,RECLTD,BULLISH,0,382.6,FALSE
02-01-2026,13:46:28,SUZLON,BULLISH,0,54.4,FALSE
02-01-2026,13:46:28,ASHOKLEY,BULLISH,0,187.2,FALSE
02-01-2026,13:46:29,BHEL,BULLISH,0,298.35,FALSE
02-01-2026,13:46:30,PFC,BULLISH,0,376.9,FALSE
02-01-2026,13:46:31,IREDA,BULLISH,0,145.8,FALSE
02-01-2026,13:46:36,BANKBARODA,BULLISH,0,306.85,FALSE
02-01-2026,14:47:02,IDEA,BULLISH,0,11.89,FALSE
02-01-2026,14:47:02,YESBANK,BULLISH,0,22.33,FALSE
02-01-2026,14:47:04,COALINDIA,BULLISH,0,429.25,FALSE
02-01-2026,14:47:05,BHEL,BULLISH,0,300.9,FALSE
02-01-2026,14:47:06,SUZLON,BULLISH,0,54.49,FALSE
02-01-2026,14:47:07,RECLTD,BULLISH,0,382.85,FALSE
02-01-2026,14:47:07,ASHOKLEY,BULLISH,0,186.7,FALSE
02-01-2026,14:47:08,PFC,BULLISH,0,376.95,FALSE
02-01-2026,14:47:09,IREDA,BULLISH,0,147.06,FALSE
02-01-2026,14:51:30,BANKBARODA,BULLISH,0,306.05,FALSE
02-01-2026,15:47:31,IDEA,BULLISH,0,11.93,FALSE
02-01-2026,15:47:33,YESBANK,BULLISH,0,22.47,FALSE
02-01-2026,15:47:34,COALINDIA,BULLISH,0,432,FALSE
02-01-2026,15:47:35,BHEL,BULLISH,0,301.5,FALSE
02-01-2026,15:47:36,SUZLON,BULLISH,0,54.63,FALSE
02-01-2026,15:47:37,RECLTD,BULLISH,0,383.3,FALSE
02-01-2026,15:47:38,ASHOKLEY,BULLISH,0,186.53,FALSE
02-01-2026,15:47:39,PFC,BULLISH,0,377.4,FALSE
02-01-2026,15:47:40,IREDA,BULLISH,0,147.51,FALSE
02-01-2026,15:52:09,BANKBARODA,BULLISH,0,307.5,FALSE
02-01-2026,15:58:28,IDEA,BULLISH,0,11.93,FALSE
02-01-2026,15:58:30,YESBANK,BULLISH,0,22.47,FALSE
02-01-2026,15:58:32,COALINDIA,BULLISH,0,432,FALSE
02-01-2026,15:58:33,BHEL,BULLISH,0,301.5,FALSE
02-01-2026,15:58:33,SUZLON,BULLISH,0,54.63,FALSE
02-01-2026,15:58:35,RECLTD,BULLISH,0,383.3,FALSE
02-01-2026,15:58:37,ASHOKLEY,BULLISH,0,186.53,FALSE
02-01-2026,15:58:38,PFC,BULLISH,0,377.4,FALSE
02-01-2026,15:58:39,BANKBARODA,BULLISH,0,307.5,FALSE
02-01-2026,15:58:41,IREDA,BULLISH,0,147.51,FALSE
01-01-2026,15:05:48,IDEA,BULLISH,0,11.57,TRUE
01-01-2026,15:05:54,ASHOKLEY,BULLISH,0,182.03,FALSE
01-01-2026,15:05:59,RECLTD,BULLISH,0,367.8,FALSE
01-01-2026,15:06:02,INDUSTOWER,BULLISH,0,437.25,FALSE
01-01-2026,15:06:03,GMRAIRPORT,BULLISH,0,106.3,FALSE
01-01-2026,15:06:07,BHEL,BULLISH,0,292.5,FALSE
01-01-2026,15:06:10,MOTHERSON,BULLISH,0,123.3,FALSE
01-01-2026,15:06:11,BANKBARODA,BULLISH,0,302.25,FALSE
01-01-2026,15:19:49,PFC,BULLISH,0,364.8,FALSE
01-01-2026,15:23:30,IDEA,BULLISH,0,11.77,TRUE
01-01-2026,15:23:31,ASHOKLEY,BULLISH,0,182.1,FALSE
01-01-2026,15:23:32,RECLTD,BULLISH,0,368.95,FALSE
01-01-2026,15:23:35,INDUSTOWER,BULLISH,0,438.75,FALSE
01-01-2026,15:23:43,GMRAIRPORT,BULLISH,0,106.08,FALSE
01-01-2026,15:23:45,MOTHERSON,BULLISH,0,123.4,FALSE
01-01-2026,15:23:55,BHEL,BULLISH,0,293.6,FALSE
01-01-2026,15:23:56,PFC,BULLISH,0,364.95,FALSE
