timestamp,date,time,stock,price,change_pct,ce_flow,pe_flow,net_flow,sector,rank,in_top_10,alerted,alert_type,ce_pe_ratio
2026-01-12 09:15:49,2026-01-12,09:15:49,CUMMINSIND,4040.00,-2.17,0.0,0.0,0.0,NIFTY INFRASTRUCTURE,44,False,False,,0.00
2026-01-12 09:15:49,2026-01-12,09:15:49,HINDZINC,625.00,2.60,0.0,0.0,0.0,NIFTY METAL,74,False,False,,0.00
2026-01-12 09:15:49,2026-01-12,09:15:49,IREDA,140.00,3.44,0.0,0.0,0.0,NIFTY ENERGY,92,False,False,,0.00
2026-01-12 09:15:49,2026-01-12,09:15:49,MANAPPURAM,294.00,2.21,0.0,0.0,0.0,N/A,113,False,False,,0.00
2026-01-12 09:16:36,2026-01-12,09:16:36,BHEL,267.85,-2.74,2926875.0,1777125.0,1149750.0,NIFTY ENERGY,6,True,False,,1.65
2026-01-12 09:16:36,2026-01-12,09:16:36,DMART,3890.00,2.15,799650.0,208200.0,591450.0,NIFTY INDIA CONSUMPTION,13,False,True,BULLISH,3.84
2026-01-12 09:16:36,2026-01-12,09:16:36,HINDZINC,622.50,2.19,2081275.0,614950.0,1466325.0,NIFTY METAL,4,True,True,BULLISH,3.38
2026-01-12 09:16:36,2026-01-12,09:16:36,IREDA,138.98,2.69,7821150.0,1773300.0,6047850.0,NIFTY ENERGY,2,True,True,BULLISH,4.41
2026-01-12 09:16:36,2026-01-12,09:16:36,MANAPPURAM,296.00,2.90,1671000.0,1275000.0,396000.0,N/A,16,False,True,BULLISH,1.31
2026-01-12 09:16:36,2026-01-12,09:16:36,SBICARD,840.00,-2.70,128000.0,66400.0,61600.0,NIFTY FINANCIAL SERVICES,50,False,False,,1.93
2026-01-12 09:16:36,2026-01-12,09:16:36,VEDL,624.15,2.05,1427150.0,523250.0,903900.0,NIFTY METAL,8,True,True,BULLISH,2.73
2026-01-12 09:17:37,2026-01-12,09:17:37,BHEL,266.50,-3.23,4809000.0,2821875.0,1987125.0,NIFTY ENERGY,6,True,False,,1.70
2026-01-12 09:17:37,2026-01-12,09:17:37,IREDA,139.30,2.93,9766950.0,1973400.0,7793550.0,NIFTY ENERGY,2,True,True,BULLISH,4.95
2026-01-12 09:17:37,2026-01-12,09:17:37,MANAPPURAM,295.55,2.75,2937000.0,2463000.0,474000.0,N/A,19,False,True,BULLISH,1.19
2026-01-12 09:17:37,2026-01-12,09:17:37,SBICARD,845.05,-2.11,306400.0,244000.0,62400.0,NIFTY FINANCIAL SERVICES,72,False,False,,1.26
2026-01-12 09:19:24,2026-01-12,09:19:24,BHEL,263.90,-4.18,11408250.0,7245000.0,4163250.0,NIFTY ENERGY,4,True,False,,1.57
2026-01-12 09:19:24,2026-01-12,09:19:24,DMART,3896.50,2.32,2710200.0,820800.0,1889400.0,NIFTY INDIA CONSUMPTION,12,False,True,BULLISH,3.30
2026-01-12 09:19:24,2026-01-12,09:19:24,HINDZINC,621.75,2.07,6011075.0,1945300.0,4065775.0,NIFTY METAL,5,True,True,BULLISH,3.09
2026-01-12 09:19:24,2026-01-12,09:19:24,IREDA,139.50,3.07,22169700.0,4826550.0,17343150.0,NIFTY ENERGY,2,True,True,BULLISH,4.59
2026-01-12 09:19:24,2026-01-12,09:19:24,MANAPPURAM,295.95,2.89,7515000.0,5007000.0,2508000.0,N/A,8,True,True,BULLISH,1.50
2026-01-12 09:19:24,2026-01-12,09:19:24,MUTHOOTFIN,3917.40,2.35,429825.0,141075.0,288750.0,NIFTY FINANCIAL SERVICES,45,False,True,BULLISH,3.05
2026-01-12 09:19:24,2026-01-12,09:19:24,POWERINDIA,17521.00,-2.23,3450.0,2600.0,850.0,NIFTY ENERGY,182,False,False,,1.33
2026-01-12 09:20:39,2026-01-12,09:20:39,BHEL,261.75,-4.96,16338000.0,12880875.0,3457125.0,NIFTY ENERGY,5,True,False,,1.27
2026-01-12 09:20:39,2026-01-12,09:20:39,BSE,2737.30,2.20,1304250.0,509625.0,794625.0,NIFTY FINANCIAL SERVICES,20,False,True,BULLISH,2.56
2026-01-12 09:20:39,2026-01-12,09:20:39,DMART,3900.00,2.42,3343650.0,1035900.0,2307750.0,NIFTY INDIA CONSUMPTION,9,True,True,BULLISH,3.23
2026-01-12 09:20:39,2026-01-12,09:20:39,HDFCLIFE,766.15,2.06,814000.0,253000.0,561000.0,NIFTY FINANCIAL SERVICES,22,False,True,BULLISH,3.22
2026-01-12 09:20:39,2026-01-12,09:20:39,HINDZINC,621.65,2.05,4027800.0,318500.0,3709300.0,NIFTY METAL,4,True,True,BULLISH,12.65
2026-01-12 09:20:39,2026-01-12,09:20:39,IREDA,139.53,3.10,19627050.0,4712700.0,14914350.0,NIFTY ENERGY,2,True,True,BULLISH,4.16
2026-01-12 09:20:39,2026-01-12,09:20:39,MANAPPURAM,294.00,2.21,0.0,0.0,0.0,N/A,165,False,False,,0.00
2026-01-12 09:20:39,2026-01-12,09:20:39,MUTHOOTFIN,3911.60,2.20,7975.0,0.0,7975.0,NIFTY FINANCIAL SERVICES,124,False,True,BULLISH,999.00
2026-01-12 09:20:39,2026-01-12,09:20:39,POWERINDIA,17450.00,-2.63,8250.0,10950.0,-2700.0,NIFTY ENERGY,138,False,True,BEARISH,0.75
2026-01-12 09:21:38,2026-01-12,09:21:38,BHEL,262.00,-4.87,0.0,0.0,0.0,NIFTY ENERGY,162,False,False,,0.00
2026-01-12 09:21:38,2026-01-12,09:21:38,DMART,3900.30,2.42,3690150.0,1218750.0,2471400.0,NIFTY INDIA CONSUMPTION,9,True,True,BULLISH,3.03
2026-01-12 09:21:38,2026-01-12,09:21:38,HDFCLIFE,766.05,2.04,1777600.0,533500.0,1244100.0,NIFTY FINANCIAL SERVICES,20,False,True,BULLISH,3.33
2026-01-12 09:21:38,2026-01-12,09:21:38,HINDZINC,622.25,2.15,8061725.0,2617825.0,5443900.0,NIFTY METAL,4,True,True,BULLISH,3.08
2026-01-12 09:21:38,2026-01-12,09:21:38,IREDA,138.86,2.60,22618200.0,5885700.0,16732500.0,NIFTY ENERGY,2,True,True,BULLISH,3.84
2026-01-12 09:21:38,2026-01-12,09:21:38,POWERINDIA,17416.00,-2.82,0.0,0.0,0.0,NIFTY ENERGY,186,False,False,,0.00
2026-01-12 09:23:07,2026-01-12,09:23:07,BHEL,260.30,-5.48,25824750.0,21984375.0,3840375.0,NIFTY ENERGY,7,True,False,,1.17
2026-01-12 09:23:07,2026-01-12,09:23:07,DIVISLAB,6481.00,-2.20,209100.0,193900.0,15200.0,NIFTY PHARMA,146,False,False,,1.08
2026-01-12 09:23:07,2026-01-12,09:23:07,DMART,3903.70,2.51,4358250.0,1500900.0,2857350.0,NIFTY INDIA CONSUMPTION,12,False,True,BULLISH,2.90
2026-01-12 09:23:07,2026-01-12,09:23:07,HINDZINC,622.00,2.11,8924125.0,2976750.0,5947375.0,NIFTY METAL,5,True,True,BULLISH,3.00
2026-01-12 09:23:07,2026-01-12,09:23:07,IREDA,139.37,2.98,10015350.0,2073450.0,7941900.0,NIFTY ENERGY,3,True,True,BULLISH,4.83
2026-01-12 09:23:07,2026-01-12,09:23:07,MANAPPURAM,294.20,2.28,10449000.0,6939000.0,3510000.0,N/A,8,True,True,BULLISH,1.51
2026-01-12 09:23:07,2026-01-12,09:23:07,MUTHOOTFIN,3909.40,2.14,10450.0,0.0,10450.0,NIFTY FINANCIAL SERVICES,152,False,True,BULLISH,999.00
2026-01-12 09:23:07,2026-01-12,09:23:07,POWERINDIA,17446.00,-2.65,15300.0,17300.0,-2000.0,NIFTY ENERGY,170,False,True,BEARISH,0.88
2026-01-12 09:23:55,2026-01-12,09:23:55,BHEL,260.30,-5.48,29568000.0,25525500.0,4042500.0,NIFTY ENERGY,9,True,False,,1.16
2026-01-12 09:23:55,2026-01-12,09:23:55,DIVISLAB,6480.00,-2.22,219200.0,232600.0,-13400.0,NIFTY PHARMA,163,False,True,BEARISH,0.94
2026-01-12 09:23:55,2026-01-12,09:23:55,DMART,3911.40,2.72,4646850.0,1641300.0,3005550.0,NIFTY INDIA CONSUMPTION,14,False,True,BULLISH,2.83
2026-01-12 09:23:55,2026-01-12,09:23:55,HINDZINC,621.85,2.08,9393300.0,3161725.0,6231575.0,NIFTY METAL,5,True,True,BULLISH,2.97
2026-01-12 09:23:55,2026-01-12,09:23:55,IREDA,138.90,2.63,35196900.0,8545650.0,26651250.0,NIFTY ENERGY,2,True,True,BULLISH,4.12
2026-01-12 09:23:55,2026-01-12,09:23:55,MANAPPURAM,294.20,2.28,10449000.0,6939000.0,3510000.0,N/A,10,True,True,BULLISH,1.51
2026-01-12 09:23:55,2026-01-12,09:23:55,POWERINDIA,17367.00,-3.09,17000.0,21550.0,-4550.0,NIFTY ENERGY,178,False,True,BEARISH,0.79
2026-01-12 09:25:35,2026-01-12,09:25:35,BHEL,260.60,-5.37,32699625.0,28777875.0,3921750.0,NIFTY ENERGY,10,True,False,,1.14
2026-01-12 09:25:35,2026-01-12,09:25:35,DIVISLAB,6441.50,-2.80,320900.0,373000.0,-52100.0,NIFTY PHARMA,122,False,True,BEARISH,0.86
2026-01-12 09:25:35,2026-01-12,09:25:35,DMART,3922.10,3.00,5498100.0,1901250.0,3596850.0,NIFTY INDIA CONSUMPTION,15,False,True,BULLISH,2.89
2026-01-12 09:25:35,2026-01-12,09:25:35,HINDZINC,622.00,2.11,10494575.0,3659075.0,6835500.0,NIFTY METAL,4,True,True,BULLISH,2.87
2026-01-12 09:25:35,2026-01-12,09:25:35,IREDA,138.48,2.32,38336400.0,9308100.0,29028300.0,NIFTY ENERGY,2,True,True,BULLISH,4.12
2026-01-12 09:25:35,2026-01-12,09:25:35,MANAPPURAM,294.00,2.21,11307000.0,7581000.0,3726000.0,N/A,12,False,True,BULLISH,1.49
2026-01-12 09:25:35,2026-01-12,09:25:35,POWERINDIA,17214.00,-3.95,26550.0,33400.0,-6850.0,NIFTY ENERGY,166,False,True,BEARISH,0.79
2026-01-12 09:25:35,2026-01-12,09:25:35,PRESTIGE,1533.30,-2.08,211500.0,166050.0,45450.0,NIFTY REALTY,126,False,False,,1.27
2026-01-12 09:26:16,2026-01-12,09:26:16,BHEL,259.60,-5.74,36949500.0,31458000.0,5491500.0,NIFTY ENERGY,8,True,False,,1.17
2026-01-12 09:26:16,2026-01-12,09:26:16,DIVISLAB,6435.00,-2.90,385600.0,483500.0,-97900.0,NIFTY PHARMA,123,False,True,BEARISH,0.80
2026-01-12 09:26:16,2026-01-12,09:26:16,DMART,3923.50,3.03,6036150.0,2109600.0,3926550.0,NIFTY INDIA CONSUMPTION,12,False,True,BULLISH,2.86
2026-01-12 09:26:16,2026-01-12,09:26:16,HINDZINC,622.10,2.13,11075225.0,3777900.0,7297325.0,NIFTY METAL,5,True,True,BULLISH,2.93
2026-01-12 09:26:16,2026-01-12,09:26:16,IREDA,138.76,2.53,41023950.0,9815250.0,31208700.0,NIFTY ENERGY,2,True,True,BULLISH,4.18
2026-01-12 09:26:16,2026-01-12,09:26:16,MANAPPURAM,295.70,2.80,11601000.0,7902000.0,3699000.0,N/A,15,False,True,BULLISH,1.47
2026-01-12 09:26:16,2026-01-12,09:26:16,MUTHOOTFIN,3905.50,2.04,880825.0,322850.0,557975.0,NIFTY FINANCIAL SERVICES,60,False,True,BULLISH,2.73
2026-01-12 09:26:16,2026-01-12,09:26:16,POWERINDIA,17258.00,-3.70,31200.0,39300.0,-8100.0,NIFTY ENERGY,176,False,True,BEARISH,0.79
2026-01-12 09:26:16,2026-01-12,09:26:16,PRESTIGE,1533.30,-2.08,220050.0,179100.0,40950.0,NIFTY REALTY,143,False,False,,1.23
2026-01-12 09:26:16,2026-01-12,09:26:16,SBICARD,845.75,-2.03,1236000.0,1206400.0,29600.0,NIFTY FINANCIAL SERVICES,152,False,False,,1.02
2026-01-12 09:27:35,2026-01-12,09:27:35,BHEL,260.40,-5.45,40501125.0,33397875.0,7103250.0,NIFTY ENERGY,6,True,False,,1.21
2026-01-12 09:27:35,2026-01-12,09:27:35,DIVISLAB,6432.00,-2.94,408500.0,547700.0,-139200.0,NIFTY PHARMA,96,False,True,BEARISH,0.75
2026-01-12 09:27:35,2026-01-12,09:27:35,DMART,3907.10,2.60,6416100.0,2262450.0,4153650.0,NIFTY INDIA CONSUMPTION,12,False,True,BULLISH,2.84
2026-01-12 09:27:35,2026-01-12,09:27:35,HINDZINC,623.00,2.27,11489275.0,3983700.0,7505575.0,NIFTY METAL,4,True,True,BULLISH,2.88
2026-01-12 09:27:35,2026-01-12,09:27:35,IREDA,138.15,2.08,31405350.0,8231700.0,23173650.0,NIFTY ENERGY,2,True,True,BULLISH,3.82
2026-01-12 09:27:35,2026-01-12,09:27:35,KAYNES,3587.50,-2.05,246100.0,201500.0,44600.0,N/A,119,False,False,,1.22
2026-01-12 09:27:35,2026-01-12,09:27:35,MANAPPURAM,294.80,2.49,0.0,0.0,0.0,N/A,183,False,False,,0.00
2026-01-12 09:27:35,2026-01-12,09:27:35,POWERINDIA,17200.00,-4.02,3550.0,7550.0,-4000.0,NIFTY ENERGY,166,False,True,BEARISH,0.47
2026-01-12 09:27:35,2026-01-12,09:27:35,PRESTIGE,1528.00,-2.42,28350.0,38700.0,-10350.0,NIFTY REALTY,155,False,True,BEARISH,0.73
2026-01-12 09:27:35,2026-01-12,09:27:35,SBICARD,845.85,-2.02,853600.0,877600.0,-24000.0,NIFTY FINANCIAL SERVICES,137,False,True,BEARISH,0.97
2026-01-12 09:29:34,2026-01-12,09:29:34,BHEL,261.00,-5.23,43275750.0,34802250.0,8473500.0,NIFTY ENERGY,3,True,False,,1.24
2026-01-12 09:29:34,2026-01-12,09:29:34,CUMMINSIND,4040.90,-2.15,428000.0,467600.0,-39600.0,NIFTY INFRASTRUCTURE,131,False,True,BEARISH,0.92
2026-01-12 09:29:34,2026-01-12,09:29:34,DIVISLAB,6421.50,-3.10,494100.0,750100.0,-256000.0,NIFTY PHARMA,84,False,True,BEARISH,0.66
2026-01-12 09:29:34,2026-01-12,09:29:34,DMART,3901.00,2.44,6774150.0,2403450.0,4370700.0,NIFTY INDIA CONSUMPTION,13,False,True,BULLISH,2.82
2026-01-12 09:29:34,2026-01-12,09:29:34,ETERNAL,279.80,-2.12,10221375.0,5385925.0,4835450.0,NIFTY INDIA CONSUMPTION,11,False,False,,1.90
2026-01-12 09:29:34,2026-01-12,09:29:34,FORTIS,888.15,-2.05,244125.0,142600.0,101525.0,NIFTY HEALTHCARE INDEX,109,False,False,,1.71
2026-01-12 09:29:34,2026-01-12,09:29:34,KAYNES,3556.60,-2.89,283700.0,262200.0,21500.0,N/A,150,False,False,,1.08
2026-01-12 09:29:34,2026-01-12,09:29:34,LAURUSLABS,1064.40,-2.08,0.0,0.0,0.0,NIFTY PHARMA,181,False,False,,0.00
2026-01-12 09:29:34,2026-01-12,09:29:34,MANAPPURAM,294.05,2.22,13113000.0,8784000.0,4329000.0,N/A,14,False,True,BULLISH,1.49
2026-01-12 09:29:34,2026-01-12,09:29:34,MAZDOCK,2456.60,-2.01,1017200.0,315800.0,701400.0,N/A,51,False,False,,3.22
2026-01-12 09:29:34,2026-01-12,09:29:34,NBCC,106.90,-2.28,3854500.0,1079000.0,2775500.0,N/A,21,False,False,,3.57
2026-01-12 09:29:34,2026-01-12,09:29:34,PGEL,585.00,-2.08,740050.0,618450.0,121600.0,NIFTY CONSUMER DURABLES,101,False,False,,1.20
2026-01-12 09:29:34,2026-01-12,09:29:34,POWERINDIA,17106.00,-4.55,45950.0,58800.0,-12850.0,NIFTY ENERGY,159,False,True,BEARISH,0.78
2026-01-12 09:29:34,2026-01-12,09:29:34,PRESTIGE,1524.50,-2.64,383850.0,415350.0,-31500.0,NIFTY REALTY,138,False,True,BEARISH,0.92
2026-01-12 09:29:34,2026-01-12,09:29:34,RVNL,324.50,-2.23,3669150.0,2261575.0,1407575.0,NIFTY INFRASTRUCTURE,30,False,False,,1.62
2026-01-12 09:29:34,2026-01-12,09:29:34,SBICARD,845.30,-2.09,1411200.0,1428800.0,-17600.0,NIFTY FINANCIAL SERVICES,156,False,True,BEARISH,0.99
2026-01-12 09:31:02,2026-01-12,09:31:02,ABB,4987.00,-2.12,0.0,0.0,0.0,NIFTY ENERGY,168,False,False,,0.00
2026-01-12 09:31:02,2026-01-12,09:31:02,BANDHANBNK,141.61,-2.09,0.0,32400.0,-32400.0,NIFTY BANK,134,False,True,BEARISH,0.00
2026-01-12 09:31:02,2026-01-12,09:31:02,BHEL,259.85,-5.65,39204375.0,30261000.0,8943375.0,NIFTY ENERGY,5,True,False,,1.30
2026-01-12 09:31:02,2026-01-12,09:31:02,CUMMINSIND,4034.40,-2.31,459600.0,517200.0,-57600.0,NIFTY INFRASTRUCTURE,118,False,True,BEARISH,0.89
2026-01-12 09:31:02,2026-01-12,09:31:02,DIVISLAB,6399.00,-3.44,519100.0,843000.0,-323900.0,NIFTY PHARMA,71,False,True,BEARISH,0.62
2026-01-12 09:31:02,2026-01-12,09:31:02,DMART,3906.60,2.59,7006050.0,2503050.0,4503000.0,NIFTY INDIA CONSUMPTION,13,False,True,BULLISH,2.80
2026-01-12 09:31:02,2026-01-12,09:31:02,FORTIS,888.25,-2.03,327825.0,234050.0,93775.0,NIFTY HEALTHCARE INDEX,103,False,False,,1.40
2026-01-12 09:31:02,2026-01-12,09:31:02,GODREJPROP,1957.50,-2.12,875050.0,958100.0,-83050.0,NIFTY REALTY,109,False,True,BEARISH,0.91
2026-01-12 09:31:02,2026-01-12,09:31:02,KAYNES,3566.50,-2.62,775100.0,487600.0,287500.0,N/A,75,False,False,,1.59
2026-01-12 09:31:02,2026-01-12,09:31:02,LAURUSLABS,1060.00,-2.48,1608200.0,839800.0,768400.0,NIFTY PHARMA,43,False,False,,1.91
2026-01-12 09:31:02,2026-01-12,09:31:02,MANAPPURAM,294.60,2.42,13359000.0,9012000.0,4347000.0,N/A,14,False,True,BULLISH,1.48
2026-01-12 09:31:02,2026-01-12,09:31:02,MAZDOCK,2452.00,-2.19,1086800.0,333000.0,753800.0,N/A,44,False,False,,3.26
2026-01-12 09:31:02,2026-01-12,09:31:02,MUTHOOTFIN,3904.50,2.01,1059575.0,423775.0,635800.0,NIFTY FINANCIAL SERVICES,48,False,True,BULLISH,2.50
2026-01-12 09:31:02,2026-01-12,09:31:02,NBCC,106.70,-2.46,4108000.0,1176500.0,2931500.0,N/A,18,False,False,,3.49
2026-01-12 09:31:02,2026-01-12,09:31:02,PGEL,585.00,-2.08,328700.0,438900.0,-110200.0,NIFTY CONSUMER DURABLES,100,False,True,BEARISH,0.75
2026-01-12 09:31:02,2026-01-12,09:31:02,POWERINDIA,17026.00,-4.99,0.0,0.0,0.0,NIFTY ENERGY,188,False,False,,0.00
2026-01-12 09:31:02,2026-01-12,09:31:02,PRESTIGE,1518.60,-3.02,33750.0,1350.0,32400.0,NIFTY REALTY,135,False,False,,25.00
2026-01-12 09:31:02,2026-01-12,09:31:02,RVNL,324.20,-2.32,2867000.0,1886425.0,980575.0,NIFTY INFRASTRUCTURE,39,False,False,,1.52
2026-01-12 09:31:02,2026-01-12,09:31:02,SBICARD,846.00,-2.00,995200.0,1020000.0,-24800.0,NIFTY FINANCIAL SERVICES,141,False,True,BEARISH,0.98
2026-01-12 09:31:02,2026-01-12,09:31:02,TIINDIA,2404.30,-2.09,77400.0,43600.0,33800.0,NIFTY AUTO,133,False,False,,1.78
2026-01-12 09:32:59,2026-01-12,09:32:59,BHEL,261.75,-4.96,49378875.0,39296250.0,10082625.0,NIFTY ENERGY,4,True,False,,1.26
2026-01-12 09:32:59,2026-01-12,09:32:59,CUMMINSIND,4040.80,-2.15,0.0,0.0,0.0,NIFTY INFRASTRUCTURE,184,False,False,,0.00
2026-01-12 09:32:59,2026-01-12,09:32:59,DIVISLAB,6389.50,-3.58,0.0,0.0,0.0,NIFTY PHARMA,188,False,False,,0.00
2026-01-12 09:32:59,2026-01-12,09:32:59,DMART,3905.00,2.55,0.0,0.0,0.0,NIFTY INDIA CONSUMPTION,189,False,False,,0.00
2026-01-12 09:32:59,2026-01-12,09:32:59,FORTIS,886.80,-2.19,174375.0,75175.0,99200.0,NIFTY HEALTHCARE INDEX,118,False,False,,2.32
2026-01-12 09:32:59,2026-01-12,09:32:59,KAYNES,3573.10,-2.44,881700.0,542900.0,338800.0,N/A,88,False,False,,1.62
2026-01-12 09:32:59,2026-01-12,09:32:59,LAURUSLABS,1057.90,-2.68,1838550.0,1275850.0,562700.0,NIFTY PHARMA,69,False,False,,1.44
2026-01-12 09:32:59,2026-01-12,09:32:59,MANAPPURAM,294.75,2.47,14442000.0,9846000.0,4596000.0,N/A,14,False,True,BULLISH,1.47
2026-01-12 09:32:59,2026-01-12,09:32:59,NBCC,107.13,-2.07,5050500.0,1508000.0,3542500.0,N/A,20,False,False,,3.35
2026-01-12 09:32:59,2026-01-12,09:32:59,POWERINDIA,17050.00,-4.86,76450.0,74700.0,1750.0,NIFTY ENERGY,177,False,False,,1.02
2026-01-12 09:32:59,2026-01-12,09:32:59,PRESTIGE,1518.60,-3.02,459000.0,531900.0,-72900.0,NIFTY REALTY,129,False,True,BEARISH,0.86
2026-01-12 09:32:59,2026-01-12,09:32:59,TIINDIA,2402.20,-2.17,103000.0,58800.0,44200.0,NIFTY AUTO,142,False,False,,1.75
2026-01-12 09:33:49,2026-01-12,09:33:49,BANDHANBNK,141.72,-2.02,3520800.0,3009600.0,511200.0,NIFTY BANK,78,False,False,,1.17
2026-01-12 09:33:49,2026-01-12,09:33:49,BHEL,261.75,-4.96,49953750.0,39726750.0,10227000.0,NIFTY ENERGY,4,True,False,,1.26
2026-01-12 09:33:49,2026-01-12,09:33:49,CUMMINSIND,4034.40,-2.31,532600.0,633800.0,-101200.0,NIFTY INFRASTRUCTURE,121,False,True,BEARISH,0.84
2026-01-12 09:33:49,2026-01-12,09:33:49,DIVISLAB,6377.00,-3.77,699500.0,1178700.0,-479200.0,NIFTY PHARMA,82,False,True,BEARISH,0.59
2026-01-12 09:33:49,2026-01-12,09:33:49,DMART,3903.30,2.50,7318500.0,2660550.0,4657950.0,NIFTY INDIA CONSUMPTION,18,False,True,BULLISH,2.75
2026-01-12 09:33:49,2026-01-12,09:33:49,FORTIS,885.80,-2.31,531650.0,457250.0,74400.0,NIFTY HEALTHCARE INDEX,131,False,False,,1.16
2026-01-12 09:33:49,2026-01-12,09:33:49,HINDZINC,622.30,2.16,14695100.0,5439000.0,9256100.0,NIFTY METAL,5,True,True,BULLISH,2.70
2026-01-12 09:33:49,2026-01-12,09:33:49,KAYNES,3572.50,-2.46,571500.0,470000.0,101500.0,N/A,120,False,False,,1.22
2026-01-12 09:33:49,2026-01-12,09:33:49,LAURUSLABS,1056.50,-2.81,0.0,0.0,0.0,NIFTY PHARMA,186,False,False,,0.00
2026-01-12 09:33:49,2026-01-12,09:33:49,MANAPPURAM,294.35,2.33,14442000.0,9846000.0,4596000.0,N/A,19,False,True,BULLISH,1.47
2026-01-12 09:33:49,2026-01-12,09:33:49,NBCC,107.00,-2.18,5219500.0,1553500.0,3666000.0,N/A,23,False,False,,3.36
2026-01-12 09:33:49,2026-01-12,09:33:49,POWERINDIA,17080.00,-4.69,80350.0,76100.0,4250.0,NIFTY ENERGY,178,False,False,,1.06
2026-01-12 09:33:49,2026-01-12,09:33:49,PPLPHARMA,165.26,-2.06,921375.0,435750.0,485625.0,NIFTY PHARMA,80,False,False,,2.11
2026-01-12 09:33:49,2026-01-12,09:33:49,PRESTIGE,1521.20,-2.85,454500.0,544500.0,-90000.0,NIFTY REALTY,127,False,True,BEARISH,0.83
2026-01-12 09:33:49,2026-01-12,09:33:49,RVNL,325.20,-2.02,1358775.0,730475.0,628300.0,NIFTY INFRASTRUCTURE,71,False,False,,1.86
2026-01-12 09:33:49,2026-01-12,09:33:49,TIINDIA,2395.70,-2.44,114200.0,59200.0,55000.0,NIFTY AUTO,142,False,False,,1.93
2026-01-12 09:34:28,2026-01-12,09:34:28,BHEL,262.55,-4.67,50418375.0,40175625.0,10242750.0,NIFTY ENERGY,5,True,False,,1.25
2026-01-12 09:34:28,2026-01-12,09:34:28,CUMMINSIND,4032.60,-2.35,578800.0,671800.0,-93000.0,NIFTY INFRASTRUCTURE,131,False,True,BEARISH,0.86
2026-01-12 09:34:28,2026-01-12,09:34:28,DIVISLAB,6390.00,-3.58,722000.0,1261500.0,-539500.0,NIFTY PHARMA,83,False,True,BEARISH,0.57
2026-01-12 09:34:28,2026-01-12,09:34:28,DMART,3902.40,2.48,7404750.0,2693400.0,4711350.0,NIFTY INDIA CONSUMPTION,19,False,True,BULLISH,2.75
2026-01-12 09:34:28,2026-01-12,09:34:28,FORTIS,886.05,-2.28,568075.0,500650.0,67425.0,NIFTY HEALTHCARE INDEX,139,False,False,,1.13
2026-01-12 09:34:28,2026-01-12,09:34:28,HINDZINC,622.40,2.18,14965825.0,5521075.0,9444750.0,NIFTY METAL,6,True,True,BULLISH,2.71
2026-01-12 09:34:28,2026-01-12,09:34:28,LAURUSLABS,1055.00,-2.94,1989000.0,1529150.0,459850.0,NIFTY PHARMA,92,False,False,,1.30
2026-01-12 09:34:28,2026-01-12,09:34:28,MANAPPURAM,294.75,2.47,15519000.0,10272000.0,5247000.0,N/A,17,False,True,BULLISH,1.51
2026-01-12 09:34:28,2026-01-12,09:34:28,MUTHOOTFIN,3906.10,2.05,1263625.0,499950.0,763675.0,NIFTY FINANCIAL SERVICES,72,False,True,BULLISH,2.53
2026-01-12 09:34:28,2026-01-12,09:34:28,POWERINDIA,17091.00,-4.63,87050.0,78200.0,8850.0,NIFTY ENERGY,182,False,False,,1.11
2026-01-12 09:34:28,2026-01-12,09:34:28,PRESTIGE,1525.20,-2.60,504000.0,562500.0,-58500.0,NIFTY REALTY,146,False,True,BEARISH,0.90
2026-01-12 09:34:28,2026-01-12,09:34:28,TIINDIA,2399.50,-2.28,134200.0,72600.0,61600.0,NIFTY AUTO,143,False,False,,1.85
2026-01-12 09:35:11,2026-01-12,09:35:11,BHEL,263.45,-4.34,51633750.0,41220375.0,10413375.0,NIFTY ENERGY,5,True,False,,1.25
2026-01-12 09:35:11,2026-01-12,09:35:11,CUMMINSIND,4032.80,-2.34,594600.0,697800.0,-103200.0,NIFTY INFRASTRUCTURE,128,False,True,BEARISH,0.85
2026-01-12 09:35:11,2026-01-12,09:35:11,DIVISLAB,6395.50,-3.49,749200.0,1330400.0,-581200.0,NIFTY PHARMA,81,False,True,BEARISH,0.56
2026-01-12 09:35:11,2026-01-12,09:35:11,DMART,3916.10,2.84,7554750.0,2810850.0,4743900.0,NIFTY INDIA CONSUMPTION,20,False,True,BULLISH,2.69
2026-01-12 09:35:11,2026-01-12,09:35:11,FORTIS,886.10,-2.27,586675.0,513050.0,73625.0,NIFTY HEALTHCARE INDEX,137,False,False,,1.14
2026-01-12 09:35:11,2026-01-12,09:35:11,HINDZINC,622.60,2.21,15196125.0,5597025.0,9599100.0,NIFTY METAL,6,True,True,BULLISH,2.72
2026-01-12 09:35:11,2026-01-12,09:35:11,LAURUSLABS,1052.50,-3.17,2078250.0,1676200.0,402050.0,NIFTY PHARMA,96,False,False,,1.24
2026-01-12 09:35:11,2026-01-12,09:35:11,MANAPPURAM,295.30,2.66,15732000.0,10440000.0,5292000.0,N/A,17,False,True,BULLISH,1.51
2026-01-12 09:35:11,2026-01-12,09:35:11,MUTHOOTFIN,3912.00,2.21,1283700.0,513975.0,769725.0,NIFTY FINANCIAL SERVICES,73,False,True,BULLISH,2.50
2026-01-12 09:35:11,2026-01-12,09:35:11,POWERINDIA,17160.00,-4.25,90000.0,80950.0,9050.0,NIFTY ENERGY,180,False,False,,1.11
2026-01-12 09:35:11,2026-01-12,09:35:11,PRESTIGE,1528.70,-2.38,511200.0,585000.0,-73800.0,NIFTY REALTY,136,False,True,BEARISH,0.87
2026-01-12 09:35:11,2026-01-12,09:35:11,TIINDIA,2401.40,-2.20,136400.0,74400.0,62000.0,NIFTY AUTO,143,False,False,,1.83
2026-01-12 09:35:58,2026-01-12,09:35:58,BHEL,262.80,-4.58,52594500.0,41561625.0,11032875.0,NIFTY ENERGY,5,True,False,,1.27
2026-01-12 09:35:58,2026-01-12,09:35:58,CUMMINSIND,4033.50,-2.33,607400.0,714400.0,-107000.0,NIFTY INFRASTRUCTURE,125,False,True,BEARISH,0.85
2026-01-12 09:35:58,2026-01-12,09:35:58,DIVISLAB,6409.00,-3.29,797900.0,1409600.0,-611700.0,NIFTY PHARMA,75,False,True,BEARISH,0.57
2026-01-12 09:35:58,2026-01-12,09:35:58,DMART,3906.90,2.60,7813050.0,2946300.0,4866750.0,NIFTY INDIA CONSUMPTION,18,False,True,BULLISH,2.65
2026-01-12 09:35:58,2026-01-12,09:35:58,FORTIS,885.80,-2.31,623875.0,544825.0,79050.0,NIFTY HEALTHCARE INDEX,135,False,False,,1.15
2026-01-12 09:35:58,2026-01-12,09:35:58,HINDZINC,622.30,2.16,15403150.0,5649700.0,9753450.0,NIFTY METAL,6,True,True,BULLISH,2.73
2026-01-12 09:35:58,2026-01-12,09:35:58,LAURUSLABS,1050.30,-3.38,2198950.0,1932050.0,266900.0,NIFTY PHARMA,106,False,False,,1.14
2026-01-12 09:35:58,2026-01-12,09:35:58,MANAPPURAM,294.10,2.24,15732000.0,10440000.0,5292000.0,N/A,17,False,True,BULLISH,1.51
2026-01-12 09:35:58,2026-01-12,09:35:58,MUTHOOTFIN,3904.40,2.01,1317250.0,539550.0,777700.0,NIFTY FINANCIAL SERVICES,69,False,True,BULLISH,2.44
2026-01-12 09:35:58,2026-01-12,09:35:58,POWERINDIA,17068.00,-4.76,94150.0,82700.0,11450.0,NIFTY ENERGY,178,False,False,,1.14
2026-01-12 09:35:58,2026-01-12,09:35:58,PPLPHARMA,165.30,-2.03,1396500.0,556500.0,840000.0,NIFTY PHARMA,67,False,False,,2.51
2026-01-12 09:35:58,2026-01-12,09:35:58,PRESTIGE,1530.70,-2.25,524250.0,603450.0,-79200.0,NIFTY REALTY,134,False,True,BEARISH,0.87
2026-01-12 09:35:58,2026-01-12,09:35:58,TIINDIA,2403.00,-2.14,140400.0,79600.0,60800.0,NIFTY AUTO,142,False,False,,1.76
2026-01-12 09:36:45,2026-01-12,09:36:45,BHEL,263.50,-4.32,53865000.0,42756000.0,11109000.0,NIFTY ENERGY,5,True,False,,1.26
2026-01-12 09:36:45,2026-01-12,09:36:45,CUMMINSIND,4035.00,-2.29,633600.0,746600.0,-113000.0,NIFTY INFRASTRUCTURE,129,False,True,BEARISH,0.85
2026-01-12 09:36:45,2026-01-12,09:36:45,DIVISLAB,6386.50,-3.63,857100.0,1486200.0,-629100.0,NIFTY PHARMA,81,False,True,BEARISH,0.58
2026-01-12 09:36:45,2026-01-12,09:36:45,DMART,3901.50,2.46,7931100.0,2987400.0,4943700.0,NIFTY INDIA CONSUMPTION,20,False,True,BULLISH,2.65
2026-01-12 09:36:45,2026-01-12,09:36:45,FORTIS,885.70,-2.32,640925.0,577375.0,63550.0,NIFTY HEALTHCARE INDEX,145,False,False,,1.11
2026-01-12 09:36:45,2026-01-12,09:36:45,HINDZINC,622.05,2.12,15544025.0,5713400.0,9830625.0,NIFTY METAL,6,True,True,BULLISH,2.72
2026-01-12 09:36:45,2026-01-12,09:36:45,LAURUSLABS,1047.00,-3.68,2314550.0,2176000.0,138550.0,NIFTY PHARMA,124,False,False,,1.06
2026-01-12 09:36:45,2026-01-12,09:36:45,MANAPPURAM,294.00,2.21,15738000.0,10455000.0,5283000.0,N/A,17,False,True,BULLISH,1.51
2026-01-12 09:36:45,2026-01-12,09:36:45,POWERINDIA,17137.00,-4.37,96550.0,85250.0,11300.0,NIFTY ENERGY,180,False,False,,1.13
2026-01-12 09:36:45,2026-01-12,09:36:45,PRESTIGE,1532.40,-2.14,534150.0,625050.0,-90900.0,NIFTY REALTY,134,False,True,BEARISH,0.85
2026-01-12 09:36:45,2026-01-12,09:36:45,TIINDIA,2400.60,-2.24,148400.0,82600.0,65800.0,NIFTY AUTO,144,False,False,,1.80
2026-01-12 09:37:24,2026-01-12,09:37:24,BHEL,264.30,-4.03,54256125.0,42913500.0,11342625.0,NIFTY ENERGY,4,True,False,,1.26
2026-01-12 09:37:24,2026-01-12,09:37:24,CUMMINSIND,4027.20,-2.48,655400.0,795200.0,-139800.0,NIFTY INFRASTRUCTURE,126,False,True,BEARISH,0.82
2026-01-12 09:37:24,2026-01-12,09:37:24,DIVISLAB,6386.00,-3.64,863100.0,1516800.0,-653700.0,NIFTY PHARMA,80,False,True,BEARISH,0.57
2026-01-12 09:37:24,2026-01-12,09:37:24,DMART,3903.60,2.51,7992150.0,3012150.0,4980000.0,NIFTY INDIA CONSUMPTION,20,False,True,BULLISH,2.65
2026-01-12 09:37:24,2026-01-12,09:37:24,FORTIS,884.55,-2.44,681225.0,601400.0,79825.0,NIFTY HEALTHCARE INDEX,139,False,False,,1.13
2026-01-12 09:37:24,2026-01-12,09:37:24,HINDZINC,621.80,2.08,15758400.0,5753825.0,10004575.0,NIFTY METAL,6,True,True,BULLISH,2.74
2026-01-12 09:37:24,2026-01-12,09:37:24,LAURUSLABS,1045.20,-3.85,2424200.0,2614600.0,-190400.0,NIFTY PHARMA,120,False,True,BEARISH,0.93
2026-01-12 09:37:24,2026-01-12,09:37:24,POWERINDIA,17127.00,-4.43,101300.0,88450.0,12850.0,NIFTY ENERGY,180,False,False,,1.15
2026-01-12 09:37:24,2026-01-12,09:37:24,PPLPHARMA,165.22,-2.08,1913625.0,1212750.0,700875.0,NIFTY PHARMA,78,False,False,,1.58
2026-01-12 09:37:24,2026-01-12,09:37:24,PRESTIGE,1529.20,-2.34,537750.0,639000.0,-101250.0,NIFTY REALTY,133,False,True,BEARISH,0.84
2026-01-12 09:37:24,2026-01-12,09:37:24,TIINDIA,2400.30,-2.25,150600.0,83200.0,67400.0,NIFTY AUTO,146,False,False,,1.81
2026-01-12 09:38:09,2026-01-12,09:38:09,BHEL,265.35,-3.65,48683250.0,37521750.0,11161500.0,NIFTY ENERGY,5,True,False,,1.30
2026-01-12 09:38:09,2026-01-12,09:38:09,CUMMINSIND,4034.00,-2.31,142000.0,221600.0,-79600.0,NIFTY INFRASTRUCTURE,130,False,True,BEARISH,0.64
2026-01-12 09:38:09,2026-01-12,09:38:09,DIVISLAB,6396.00,-3.49,152900.0,319700.0,-166800.0,NIFTY PHARMA,114,False,True,BEARISH,0.48
2026-01-12 09:38:09,2026-01-12,09:38:09,DMART,3907.50,2.61,2223450.0,849450.0,1374000.0,NIFTY INDIA CONSUMPTION,49,False,True,BULLISH,2.62
2026-01-12 09:38:09,2026-01-12,09:38:09,FORTIS,887.85,-2.08,692850.0,626200.0,66650.0,NIFTY HEALTHCARE INDEX,135,False,False,,1.11
2026-01-12 09:38:09,2026-01-12,09:38:09,HINDZINC,621.65,2.05,13298600.0,5800375.0,7498225.0,NIFTY METAL,10,True,True,BULLISH,2.29
2026-01-12 09:38:09,2026-01-12,09:38:09,LAURUSLABS,1044.50,-3.91,2659650.0,3257200.0,-597550.0,NIFTY PHARMA,76,False,True,BEARISH,0.82
2026-01-12 09:38:09,2026-01-12,09:38:09,POWERINDIA,17301.00,-3.46,110450.0,93850.0,16600.0,NIFTY ENERGY,171,False,False,,1.18
2026-01-12 09:39:12,2026-01-12,09:39:12,BHEL,265.35,-3.65,57175125.0,45323250.0,11851875.0,NIFTY ENERGY,4,True,False,,1.26
2026-01-12 09:39:12,2026-01-12,09:39:12,CUMMINSIND,4045.00,-2.05,687000.0,843000.0,-156000.0,NIFTY INFRASTRUCTURE,124,False,True,BEARISH,0.81
2026-01-12 09:39:12,2026-01-12,09:39:12,DIVISLAB,6418.50,-3.15,884900.0,1580000.0,-695100.0,NIFTY PHARMA,80,False,True,BEARISH,0.56
2026-01-12 09:39:12,2026-01-12,09:39:12,DMART,3914.00,2.78,8205150.0,3061200.0,5143950.0,NIFTY INDIA CONSUMPTION,18,False,True,BULLISH,2.68
2026-01-12 09:39:12,2026-01-12,09:39:12,HINDZINC,621.85,2.08,16065875.0,5845700.0,10220175.0,NIFTY METAL,6,True,True,BULLISH,2.75
2026-01-12 09:39:12,2026-01-12,09:39:12,IREDA,138.14,2.07,59081250.0,15897600.0,43183650.0,NIFTY ENERGY,3,True,True,BULLISH,3.72
2026-01-12 09:39:12,2026-01-12,09:39:12,LAURUSLABS,1049.90,-3.41,2779500.0,3521550.0,-742050.0,NIFTY PHARMA,78,False,True,BEARISH,0.79
2026-01-12 09:39:12,2026-01-12,09:39:12,MANAPPURAM,294.70,2.45,17292000.0,11142000.0,6150000.0,N/A,15,False,True,BULLISH,1.55
2026-01-12 09:39:12,2026-01-12,09:39:12,POWERINDIA,17322.00,-3.34,113800.0,96200.0,17600.0,NIFTY ENERGY,175,False,False,,1.18
2026-01-12 09:40:19,2026-01-12,09:40:19,BHEL,265.90,-3.45,59550750.0,48000750.0,11550000.0,NIFTY ENERGY,5,True,False,,1.24
2026-01-12 09:40:19,2026-01-12,09:40:19,CUMMINSIND,4032.40,-2.35,704400.0,865000.0,-160600.0,NIFTY INFRASTRUCTURE,125,False,True,BEARISH,0.81
2026-01-12 09:40:19,2026-01-12,09:40:19,DIVISLAB,6431.00,-2.96,914700.0,1645700.0,-731000.0,NIFTY PHARMA,80,False,True,BEARISH,0.56
2026-01-12 09:40:19,2026-01-12,09:40:19,DMART,3918.00,2.89,8451300.0,3143550.0,5307750.0,NIFTY INDIA CONSUMPTION,20,False,True,BULLISH,2.69
2026-01-12 09:40:19,2026-01-12,09:40:19,HINDZINC,623.65,2.38,16323125.0,5930225.0,10392900.0,NIFTY METAL,7,True,True,BULLISH,2.75
2026-01-12 09:40:19,2026-01-12,09:40:19,IREDA,138.30,2.19,59809200.0,16211550.0,43597650.0,NIFTY ENERGY,3,True,True,BULLISH,3.69
2026-01-12 09:40:19,2026-01-12,09:40:19,LAURUSLABS,1050.50,-3.36,3003900.0,4027300.0,-1023400.0,NIFTY PHARMA,67,False,True,BEARISH,0.75
2026-01-12 09:40:19,2026-01-12,09:40:19,MANAPPURAM,295.20,2.62,17556000.0,11364000.0,6192000.0,N/A,16,False,True,BULLISH,1.54
2026-01-12 09:40:19,2026-01-12,09:40:19,POWERINDIA,17349.00,-3.19,125550.0,105250.0,20300.0,NIFTY ENERGY,175,False,False,,1.19
2026-01-12 11:27:18,2026-01-12,11:27:18,ABB,4978.50,-2.29,740000.0,633125.0,106875.0,NIFTY ENERGY,165,False,False,,1.17
2026-01-12 11:27:18,2026-01-12,11:27:18,ADANIENSOL,930.40,-3.18,2583225.0,2461050.0,122175.0,NIFTY ENERGY,164,False,False,,1.05
2026-01-12 11:27:18,2026-01-12,11:27:18,ADANIGREEN,925.30,-2.33,3961800.0,2703600.0,1258200.0,NIFTY INFRASTRUCTURE,98,False,False,,1.47
2026-01-12 11:27:18,2026-01-12,11:27:18,AMBER,6150.00,-3.17,404800.0,378300.0,26500.0,NIFTY CONSUMER DURABLES,181,False,False,,1.07
2026-01-12 11:27:18,2026-01-12,11:27:18,APLAPOLLO,1854.50,-2.15,543550.0,507150.0,36400.0,NIFTY METAL,177,False,False,,1.07
2026-01-12 11:27:18,2026-01-12,11:27:18,BHEL,260.30,-5.48,106745625.0,88648875.0,18096750.0,NIFTY ENERGY,14,False,False,,1.20
2026-01-12 11:27:18,2026-01-12,11:27:18,BOSCHLTD,37075.00,-2.86,61050.0,34300.0,26750.0,NIFTY AUTO,180,False,False,,1.78
2026-01-12 11:27:18,2026-01-12,11:27:18,BSE,2754.10,2.82,21837000.0,12090375.0,9746625.0,NIFTY FINANCIAL SERVICES,29,False,True,BULLISH,1.81
2026-01-12 11:27:18,2026-01-12,11:27:18,CAMS,710.60,-2.34,1849500.0,3233250.0,-1383750.0,NIFTY FINANCIAL SERVICES,94,False,True,BEARISH,0.57
2026-01-12 11:27:18,2026-01-12,11:27:18,CGPOWER,582.90,-2.39,6943650.0,3495200.0,3448450.0,NIFTY INFRASTRUCTURE,62,False,False,,1.99
2026-01-12 11:27:18,2026-01-12,11:27:18,COALINDIA,430.75,2.66,79578450.0,25024950.0,54553500.0,NIFTY ENERGY,5,True,True,BULLISH,3.18
2026-01-12 11:27:18,2026-01-12,11:27:18,CUMMINSIND,3946.80,-4.43,2407200.0,3367200.0,-960000.0,NIFTY INFRASTRUCTURE,107,False,True,BEARISH,0.71
2026-01-12 11:27:18,2026-01-12,11:27:18,DELHIVERY,387.05,-4.77,5830750.0,6752050.0,-921300.0,NIFTY INDIA CONSUMPTION,110,False,True,BEARISH,0.86
2026-01-12 11:27:18,2026-01-12,11:27:18,DIVISLAB,6438.50,-2.84,2371100.0,4352300.0,-1981200.0,NIFTY PHARMA,77,False,True,BEARISH,0.54
2026-01-12 11:27:18,2026-01-12,11:27:18,EICHERMOT,7364.50,-2.06,1004900.0,1572700.0,-567800.0,NIFTY INDIA CONSUMPTION,125,False,True,BEARISH,0.64
2026-01-12 11:27:18,2026-01-12,11:27:18,ETERNAL,280.00,-2.05,34163400.0,21815300.0,12348100.0,NIFTY INDIA CONSUMPTION,21,False,False,,1.57
2026-01-12 11:27:18,2026-01-12,11:27:18,FORTIS,885.10,-2.38,2358325.0,1497300.0,861025.0,NIFTY HEALTHCARE INDEX,111,False,False,,1.58
2026-01-12 11:27:18,2026-01-12,11:27:18,GODREJPROP,1926.30,-3.69,3939100.0,5373225.0,-1434125.0,NIFTY REALTY,93,False,True,BEARISH,0.73
2026-01-12 11:27:18,2026-01-12,11:27:18,HDFCAMC,2477.30,-2.23,1607100.0,975000.0,632100.0,NIFTY FINANCIAL SERVICES,120,False,False,,1.65
2026-01-12 11:27:18,2026-01-12,11:27:18,HEROMOTOCO,5660.00,-2.35,2484450.0,2098650.0,385800.0,NIFTY INDIA CONSUMPTION,135,False,False,,1.18
2026-01-12 11:27:18,2026-01-12,11:27:18,HINDZINC,623.15,2.30,43586725.0,17686550.0,25900175.0,NIFTY METAL,8,True,True,BULLISH,2.46
2026-01-12 11:27:18,2026-01-12,11:27:18,IDEA,11.05,-2.13,1106790375.0,337933800.0,768856575.0,NIFTY TELECOM (Not Listed),1,True,False,,3.28
2026-01-12 11:27:18,2026-01-12,11:27:18,IEX,141.30,2.28,101205000.0,46413750.0,54791250.0,NIFTY ENERGY,4,True,True,BULLISH,2.18
2026-01-12 11:27:18,2026-01-12,11:27:18,IIFL,630.95,-2.91,5301450.0,2747250.0,2554200.0,N/A,73,False,False,,1.93
2026-01-12 11:27:18,2026-01-12,11:27:18,INDIANB,819.05,-2.06,2348000.0,1198000.0,1150000.0,NIFTY PSU BANK,102,False,False,,1.96
2026-01-12 11:27:18,2026-01-12,11:27:18,INOXWIND,111.10,-2.52,12526800.0,3886025.0,8640775.0,NIFTY ENERGY,35,False,False,,3.22
2026-01-12 11:27:18,2026-01-12,11:27:18,KALYANKJIL,494.15,-2.65,6981850.0,3763525.0,3218325.0,NIFTY CONSUMER DURABLES,63,False,False,,1.86
2026-01-12 11:27:18,2026-01-12,11:27:18,KPITTECH,1157.00,-2.05,832150.0,230775.0,601375.0,NIFTY IT,122,False,False,,3.61
2026-01-12 11:27:18,2026-01-12,11:27:18,LAURUSLABS,1036.00,-4.69,12721100.0,13486950.0,-765850.0,NIFTY PHARMA,116,False,True,BEARISH,0.94
2026-01-12 11:27:18,2026-01-12,11:27:18,LICHSGFIN,517.15,-2.47,4055000.0,2384000.0,1671000.0,NIFTY FINANCIAL SERVICES,85,False,False,,1.70
2026-01-12 11:27:18,2026-01-12,11:27:18,MANAPPURAM,294.15,2.26,41757000.0,30162000.0,11595000.0,N/A,24,False,True,BULLISH,1.38
2026-01-12 11:27:18,2026-01-12,11:27:18,MOTHERSON,113.43,-2.12,17994900.0,11193000.0,6801900.0,NIFTY AUTO,39,False,False,,1.61
2026-01-12 11:27:18,2026-01-12,11:27:18,NBCC,104.32,-4.63,38363000.0,19103500.0,19259500.0,N/A,13,False,False,,2.01
2026-01-12 11:27:18,2026-01-12,11:27:18,OBEROIRLTY,1629.30,-2.40,640500.0,427700.0,212800.0,NIFTY REALTY,148,False,False,,1.50
2026-01-12 11:27:18,2026-01-12,11:27:18,PAYTM,1261.10,-2.36,4916225.0,3244375.0,1671850.0,NIFTY FINANCIAL SERVICES,84,False,False,,1.52
2026-01-12 11:27:18,2026-01-12,11:27:18,PHOENIXLTD,1871.30,-2.11,984550.0,1127350.0,-142800.0,NIFTY REALTY,160,False,True,BEARISH,0.87
2026-01-12 11:27:18,2026-01-12,11:27:18,POWERINDIA,16936.00,-5.50,414000.0,278350.0,135650.0,NIFTY ENERGY,162,False,False,,1.49
2026-01-12 11:27:18,2026-01-12,11:27:18,PPLPHARMA,164.43,-2.55,4517625.0,2777250.0,1740375.0,NIFTY PHARMA,82,False,False,,1.63
2026-01-12 11:27:18,2026-01-12,11:27:18,PRESTIGE,1512.20,-3.43,1161000.0,1332000.0,-171000.0,NIFTY REALTY,155,False,True,BEARISH,0.87
2026-01-12 11:27:18,2026-01-12,11:27:18,RVNL,323.00,-2.68,15654125.0,9034100.0,6620025.0,NIFTY INFRASTRUCTURE,41,False,False,,1.73
2026-01-12 11:27:18,2026-01-12,11:27:18,SAMMAANCAP,141.86,-2.09,180600.0,227900.0,-47300.0,NIFTY FINANCIAL SERVICES,172,False,True,BEARISH,0.79
2026-01-12 11:27:18,2026-01-12,11:27:18,SONACOMS,450.70,-2.10,684775.0,662725.0,22050.0,NIFTY AUTO,182,False,False,,1.03
2026-01-12 11:27:18,2026-01-12,11:27:18,SUZLON,48.29,-2.15,70584525.0,33500800.0,37083725.0,NIFTY INFRASTRUCTURE,6,True,False,,2.11
2026-01-12 11:27:18,2026-01-12,11:27:18,TIINDIA,2377.20,-3.19,775200.0,986600.0,-211400.0,NIFTY AUTO,149,False,True,BEARISH,0.79
2026-01-12 11:27:18,2026-01-12,11:27:18,TVSMOTOR,3682.30,-2.43,1061725.0,993300.0,68425.0,NIFTY INDIA CONSUMPTION,171,False,False,,1.07
2026-01-12 11:27:18,2026-01-12,11:27:18,UNOMINDA,1208.10,-3.63,1213850.0,957000.0,256850.0,NIFTY AUTO,142,False,False,,1.27
2026-01-12 11:40:41,2026-01-12,11:40:41,ABB,4971.50,-2.42,802125.0,679875.0,122250.0,NIFTY ENERGY,164,False,False,,1.18
2026-01-12 11:40:41,2026-01-12,11:40:41,ADANIENSOL,930.80,-3.14,2732400.0,2587275.0,145125.0,NIFTY ENERGY,163,False,False,,1.06
2026-01-12 11:40:41,2026-01-12,11:40:41,ADANIGREEN,924.40,-2.43,4309200.0,2926800.0,1382400.0,NIFTY INFRASTRUCTURE,98,False,False,,1.47
2026-01-12 11:40:41,2026-01-12,11:40:41,ADANIPORTS,1407.30,-2.11,5531850.0,3686000.0,1845850.0,NIFTY INFRASTRUCTURE,81,False,False,,1.50
2026-01-12 11:40:41,2026-01-12,11:40:41,AMBER,6153.50,-3.12,428900.0,410800.0,18100.0,NIFTY CONSUMER DURABLES,183,False,False,,1.04
2026-01-12 11:40:41,2026-01-12,11:40:41,APLAPOLLO,1854.00,-2.17,661150.0,624400.0,36750.0,NIFTY METAL,178,False,False,,1.06
2026-01-12 11:40:41,2026-01-12,11:40:41,AUROPHARMA,1175.10,-2.11,1735250.0,1053250.0,682000.0,NIFTY PHARMA,118,False,False,,1.65
2026-01-12 11:40:41,2026-01-12,11:40:41,BHEL,259.60,-5.74,109617375.0,90583500.0,19033875.0,NIFTY ENERGY,14,False,False,,1.21
2026-01-12 11:40:41,2026-01-12,11:40:41,BOSCHLTD,37135.00,-2.70,65975.0,36800.0,29175.0,NIFTY AUTO,180,False,False,,1.79
2026-01-12 11:40:41,2026-01-12,11:40:41,BSE,2752.00,2.74,22542000.0,12718875.0,9823125.0,NIFTY FINANCIAL SERVICES,32,False,True,BULLISH,1.77
2026-01-12 11:40:41,2026-01-12,11:40:41,CAMS,710.00,-2.43,2415750.0,3902250.0,-1486500.0,NIFTY FINANCIAL SERVICES,95,False,True,BEARISH,0.62
2026-01-12 11:40:41,2026-01-12,11:40:41,CGPOWER,583.75,-2.24,7458750.0,3732350.0,3726400.0,NIFTY INFRASTRUCTURE,61,False,False,,2.00
2026-01-12 11:40:41,2026-01-12,11:40:41,COALINDIA,430.60,2.62,83284200.0,27255150.0,56029050.0,NIFTY ENERGY,5,True,True,BULLISH,3.06
2026-01-12 11:40:41,2026-01-12,11:40:41,CUMMINSIND,3952.00,-4.30,2540600.0,3560200.0,-1019600.0,NIFTY INFRASTRUCTURE,108,False,True,BEARISH,0.71
2026-01-12 11:40:41,2026-01-12,11:40:41,DELHIVERY,385.20,-5.23,6897300.0,8235675.0,-1338375.0,NIFTY INDIA CONSUMPTION,100,False,True,BEARISH,0.84
2026-01-12 11:40:41,2026-01-12,11:40:41,DIVISLAB,6404.50,-3.36,2455500.0,4493000.0,-2037500.0,NIFTY PHARMA,78,False,True,BEARISH,0.55
2026-01-12 11:40:41,2026-01-12,11:40:41,EICHERMOT,7353.00,-2.21,1127400.0,1700700.0,-573300.0,NIFTY INDIA CONSUMPTION,126,False,True,BEARISH,0.66
2026-01-12 11:40:41,2026-01-12,11:40:41,ETERNAL,279.65,-2.17,36758150.0,22826525.0,13931625.0,NIFTY INDIA CONSUMPTION,21,False,False,,1.61
2026-01-12 11:40:41,2026-01-12,11:40:41,FORTIS,882.90,-2.62,2520300.0,1596500.0,923800.0,NIFTY HEALTHCARE INDEX,112,False,False,,1.58
2026-01-12 11:40:41,2026-01-12,11:40:41,GMRAIRPORT,98.14,-2.15,34616925.0,19753200.0,14863725.0,N/A,18,False,False,,1.75
2026-01-12 11:40:41,2026-01-12,11:40:41,GODREJPROP,1922.50,-3.88,4389550.0,5917175.0,-1527625.0,NIFTY REALTY,92,False,True,BEARISH,0.74
2026-01-12 11:40:41,2026-01-12,11:40:41,HDFCAMC,2478.30,-2.19,1685700.0,1027200.0,658500.0,NIFTY FINANCIAL SERVICES,121,False,False,,1.64
2026-01-12 11:40:41,2026-01-12,11:40:41,HEROMOTOCO,5654.00,-2.45,2572650.0,2189100.0,383550.0,NIFTY INDIA CONSUMPTION,135,False,False,,1.18
2026-01-12 11:40:41,2026-01-12,11:40:41,HINDZINC,624.35,2.50,46106550.0,21420350.0,24686200.0,NIFTY METAL,9,True,True,BULLISH,2.15
2026-01-12 11:40:41,2026-01-12,11:40:41,IDEA,11.04,-2.21,1198778700.0,370883775.0,827894925.0,NIFTY TELECOM (Not Listed),1,True,False,,3.23
2026-01-12 11:40:41,2026-01-12,11:40:41,IDFCFIRSTB,84.32,-2.31,69117300.0,47191200.0,21926100.0,NIFTY BANK,12,False,False,,1.46
2026-01-12 11:40:41,2026-01-12,11:40:41,IIFL,636.45,-2.06,6035700.0,3420450.0,2615250.0,N/A,73,False,False,,1.76
2026-01-12 11:40:41,2026-01-12,11:40:41,INDIANB,818.75,-2.10,2460000.0,1319000.0,1141000.0,NIFTY PSU BANK,104,False,False,,1.87
2026-01-12 11:40:41,2026-01-12,11:40:41,INOXWIND,110.73,-2.84,14160575.0,4754750.0,9405825.0,NIFTY ENERGY,34,False,False,,2.98
2026-01-12 11:40:41,2026-01-12,11:40:41,JIOFIN,281.90,-2.03,38335550.0,28996650.0,9338900.0,NIFTY FINANCIAL SERVICES,35,False,False,,1.32
2026-01-12 11:40:41,2026-01-12,11:40:41,KALYANKJIL,493.40,-2.80,7306150.0,3924500.0,3381650.0,NIFTY CONSUMER DURABLES,63,False,False,,1.86
2026-01-12 11:40:41,2026-01-12,11:40:41,KPITTECH,1151.90,-2.48,898875.0,244375.0,654500.0,NIFTY IT,122,False,False,,3.68
2026-01-12 11:40:41,2026-01-12,11:40:41,LAURUSLABS,1034.50,-4.83,13805700.0,14283400.0,-477700.0,NIFTY PHARMA,133,False,True,BEARISH,0.97
2026-01-12 11:40:41,2026-01-12,11:40:41,LICHSGFIN,515.20,-2.84,4756000.0,2944000.0,1812000.0,NIFTY FINANCIAL SERVICES,82,False,False,,1.62
2026-01-12 11:40:41,2026-01-12,11:40:41,MANAPPURAM,293.70,2.10,43221000.0,31335000.0,11886000.0,N/A,26,False,True,BULLISH,1.38
2026-01-12 11:40:41,2026-01-12,11:40:41,MOTHERSON,113.38,-2.17,19636950.0,12484500.0,7152450.0,NIFTY AUTO,42,False,False,,1.57
2026-01-12 11:40:41,2026-01-12,11:40:41,NBCC,104.22,-4.73,41892500.0,21391500.0,20501000.0,N/A,13,False,False,,1.96
2026-01-12 11:40:41,2026-01-12,11:40:41,PAYTM,1257.10,-2.67,5272925.0,3466225.0,1806700.0,NIFTY FINANCIAL SERVICES,85,False,False,,1.52
2026-01-12 11:40:41,2026-01-12,11:40:41,POWERINDIA,16975.00,-5.28,441650.0,288350.0,153300.0,NIFTY ENERGY,160,False,False,,1.53
2026-01-12 11:40:41,2026-01-12,11:40:41,PPLPHARMA,164.60,-2.45,4748625.0,2989875.0,1758750.0,NIFTY PHARMA,88,False,False,,1.59
2026-01-12 11:40:41,2026-01-12,11:40:41,PRESTIGE,1519.70,-2.95,1189350.0,1352250.0,-162900.0,NIFTY REALTY,159,False,True,BEARISH,0.88
2026-01-12 11:40:41,2026-01-12,11:40:41,RVNL,323.00,-2.68,16860400.0,9407725.0,7452675.0,NIFTY INFRASTRUCTURE,39,False,False,,1.79
2026-01-12 11:40:41,2026-01-12,11:40:41,SAMMAANCAP,141.30,-2.48,236500.0,275200.0,-38700.0,NIFTY FINANCIAL SERVICES,177,False,True,BEARISH,0.86
2026-01-12 11:40:41,2026-01-12,11:40:41,SONACOMS,449.05,-2.45,840350.0,757050.0,83300.0,NIFTY AUTO,169,False,False,,1.11
2026-01-12 11:40:41,2026-01-12,11:40:41,SUZLON,48.21,-2.31,79077050.0,39105325.0,39971725.0,NIFTY INFRASTRUCTURE,6,True,False,,2.02
2026-01-12 11:40:41,2026-01-12,11:40:41,TIINDIA,2371.60,-3.42,857000.0,1138000.0,-281000.0,NIFTY AUTO,140,False,True,BEARISH,0.75
2026-01-12 11:40:41,2026-01-12,11:40:41,TVSMOTOR,3674.90,-2.63,1145025.0,1074850.0,70175.0,NIFTY INDIA CONSUMPTION,172,False,False,,1.07
2026-01-12 11:40:41,2026-01-12,11:40:41,UNOMINDA,1206.00,-3.80,1288650.0,1042250.0,246400.0,NIFTY AUTO,149,False,False,,1.24
